,instance,solver_config,abs_improvement
6230,1a8i.edge,jdrasil-b150-n1,4
2381,1cb6.edge,jdrasil-b125-n1,3
31025,1nr0.edge,tcs-b150-n1,14
30976,1vom.edge,tcs-b150-n1,7
14485,1xwl.edge,tcs-b125-n1,7
2436,BN_69.edge,jdrasil-b125-n1,2
2392,Promedas_41.edge,jdrasil-b125-n1,6
2287,Promedas_42.edge,jdrasil-b125-n1,12
12374,Promedas_43.edge,jdrasil-b75t1800-n1,3
2459,Promedas_45.edge,jdrasil-b125-n1,8
10323,Promedas_46.edge,tcs-b100-n1,1
14361,Promedas_47.edge,tcs-b125-n1,1
2296,Promedas_48.edge,jdrasil-b125-n1,11
6288,Promedas_49.edge,jdrasil-b150-n1,6
6316,Promedas_50.edge,jdrasil-b150-n1,5
28741,Promedas_51.edge,jdrasil-b100-n1,5
12342,Promedas_55.edge,jdrasil-b75t1800-n1,8
10230,Promedas_56.edge,tcs-b100-n1,8
29854,Promedas_57.edge,tcs-b75-n1,8
2379,Promedas_59.edge,jdrasil-b125-n1,7
10152,Promedas_61.edge,tcs-b100-n1,5
2307,Promedas_62.edge,jdrasil-b125-n1,6
12395,Promedas_63.edge,jdrasil-b75t1800-n1,6
10170,Promedas_64.edge,tcs-b100-n1,6
7537,Promedas_65.edge,jdrasil-b50-n1,3
2351,Promedas_66.edge,jdrasil-b125-n1,5
22404,Promedas_69.edge,jdrasil-b75-n1,7
14333,Promedas_70.edge,tcs-b125-n1,3
2416,Promedas_71.edge,jdrasil-b125-n1,1
14479,Promedus_12.edge,tcs-b125-n1,3
2390,Promedus_13.edge,jdrasil-b125-n1,1
2425,Promedus_16.edge,jdrasil-b125-n1,2
6268,Promedus_17.edge,jdrasil-b150-n1,1
29734,Promedus_19.edge,tcs-b75-n1,3
2342,Promedus_20.edge,jdrasil-b125-n1,3
22510,Promedus_23.edge,jdrasil-b75-n1,4
6295,Promedus_38.edge,jdrasil-b150-n1,7
2400,blockmap_05_02-0000.edge,jdrasil-b125-n1,1
2457,blockmap_05_02-0001.edge,jdrasil-b125-n1,1
2306,blockmap_05_02-0002.edge,jdrasil-b125-n1,1
2301,blockmap_05_02-0003.edge,jdrasil-b125-n1,1
2391,blockmap_05_02-0004.edge,jdrasil-b125-n1,1
2394,blockmap_05_02-0005.edge,jdrasil-b125-n1,1
2329,blockmap_05_02-0006.edge,jdrasil-b125-n1,1
2292,blockmap_05_02-0007.edge,jdrasil-b125-n1,1
2341,blockmap_05_02-0008.edge,jdrasil-b125-n1,1
2410,blockmap_05_02-0009.edge,jdrasil-b125-n1,1
2314,blockmap_05_02-0010.edge,jdrasil-b125-n1,1
2443,blockmap_05_02-0011.edge,jdrasil-b125-n1,1
2419,blockmap_05_02-0012.edge,jdrasil-b125-n1,1
2411,blockmap_05_02-0013.edge,jdrasil-b125-n1,1
2332,blockmap_05_02-0014.edge,jdrasil-b125-n1,1
2420,blockmap_05_02-0015.edge,jdrasil-b125-n1,1
2369,c1908.isc.cnf.edge,jdrasil-b125-n1,3
2350,linkage_19.edge,jdrasil-b125-n1,2
2299,linkage_22.edge,jdrasil-b125-n1,3
2337,linkage_27.edge,jdrasil-b125-n1,3
2343,log-1.cnf.edge,jdrasil-b125-n1,2
2463,or_chain_103.fg.edge,jdrasil-b125-n1,2
12444,or_chain_104.fg.edge,jdrasil-b75t1800-n1,8
12355,or_chain_107.fg.edge,jdrasil-b75t1800-n1,5
2358,or_chain_11.fg.edge,jdrasil-b125-n1,12
22423,or_chain_114.fg.edge,jdrasil-b75-n1,6
10244,or_chain_118.fg.edge,tcs-b100-n1,10
2348,or_chain_123.fg.edge,jdrasil-b125-n1,9
2357,or_chain_125.fg.edge,jdrasil-b125-n1,11
10163,or_chain_131.fg.edge,tcs-b100-n1,4
2325,or_chain_132.fg.edge,jdrasil-b125-n1,2
6198,or_chain_136.fg.edge,jdrasil-b150-n1,8
12456,or_chain_138.fg.edge,jdrasil-b75t1800-n1,3
12334,or_chain_141.fg.edge,jdrasil-b75t1800-n1,6
6261,or_chain_142.fg.edge,jdrasil-b150-n1,5
2309,or_chain_143.fg.edge,jdrasil-b125-n1,9
2382,or_chain_15.fg.edge,jdrasil-b125-n1,6
12367,or_chain_150.fg.edge,jdrasil-b75t1800-n1,3
7525,or_chain_153.fg.edge,jdrasil-b50-n1,1
2336,or_chain_155.fg.edge,jdrasil-b125-n1,5
2347,or_chain_156.fg.edge,jdrasil-b125-n1,9
2396,or_chain_161.fg.edge,jdrasil-b125-n1,7
14329,or_chain_17.fg.edge,tcs-b125-n1,3
2375,or_chain_172.fg.edge,jdrasil-b125-n1,8
2311,or_chain_18.fg.edge,jdrasil-b125-n1,1
10298,or_chain_181.fg.edge,tcs-b100-n1,9
10256,or_chain_189.fg.edge,tcs-b100-n1,7
2447,or_chain_19.fg.edge,jdrasil-b125-n1,11
6158,or_chain_191.fg.edge,jdrasil-b150-n1,5
10229,or_chain_193.fg.edge,tcs-b100-n1,3
2331,or_chain_198.fg.edge,jdrasil-b125-n1,6
10248,or_chain_199.fg.edge,tcs-b100-n1,1
14370,or_chain_208.fg.edge,tcs-b125-n1,1
12335,or_chain_209.fg.edge,jdrasil-b75t1800-n1,5
2320,or_chain_211.fg.edge,jdrasil-b125-n1,5
12359,or_chain_212.fg.edge,jdrasil-b75t1800-n1,8
2305,or_chain_213.fg.edge,jdrasil-b125-n1,7
22424,or_chain_220.fg.edge,jdrasil-b75-n1,7
6191,or_chain_222.fg.edge,jdrasil-b150-n1,10
12434,or_chain_223.fg.edge,jdrasil-b75t1800-n1,10
2360,or_chain_242.fg.edge,jdrasil-b125-n1,1
12381,or_chain_243.fg.edge,jdrasil-b75t1800-n1,7
6247,or_chain_247.fg.edge,jdrasil-b150-n1,7
13395,or_chain_248.fg.edge,tcs-b50-n1,2
10257,or_chain_249.fg.edge,tcs-b100-n1,5
22531,or_chain_28.fg.edge,jdrasil-b75-n1,7
2398,or_chain_29.fg.edge,jdrasil-b125-n1,5
12309,or_chain_33.fg.edge,jdrasil-b75t1800-n1,7
12419,or_chain_34.fg.edge,jdrasil-b75t1800-n1,1
2290,or_chain_36.fg.edge,jdrasil-b125-n1,6
12287,or_chain_4.fg.edge,jdrasil-b75t1800-n1,3
2435,or_chain_45.fg.edge,jdrasil-b125-n1,2
7673,or_chain_48.fg.edge,jdrasil-b50-n1,3
10154,or_chain_50.fg.edge,tcs-b100-n1,5
29859,or_chain_53.fg.edge,tcs-b75-n1,5
2328,or_chain_62.fg.edge,jdrasil-b125-n1,1
29726,or_chain_63.fg.edge,tcs-b75-n1,8
12405,or_chain_66.fg.edge,jdrasil-b75t1800-n1,7
29714,or_chain_68.fg.edge,tcs-b75-n1,3
2413,or_chain_72.fg.edge,jdrasil-b125-n1,3
10310,or_chain_76.fg.edge,tcs-b100-n1,8
10220,or_chain_78.fg.edge,tcs-b100-n1,6
2297,or_chain_80.fg.edge,jdrasil-b125-n1,11
2454,or_chain_82.fg.edge,jdrasil-b125-n1,4
22367,or_chain_91.fg.edge,jdrasil-b75-n1,4
12398,or_chain_92.fg.edge,jdrasil-b75t1800-n1,8
12425,or_chain_93.fg.edge,jdrasil-b75t1800-n1,4
22525,or_chain_94.fg.edge,jdrasil-b75-n1,6
6197,or_chain_96.fg.edge,jdrasil-b150-n1,6
2401,pedigree19.edge,jdrasil-b125-n1,2
2384,pedigree33.edge,jdrasil-b125-n1,3
2395,pedigree44.edge,jdrasil-b125-n1,3
2323,pedigree50.edge,jdrasil-b125-n1,1
2207,1a6m.edge,jdrasil-b125-n1,3
10148,1b8e.edge,tcs-b100-n1,5
2245,1bkb.edge,jdrasil-b125-n1,3
10124,1e5k.edge,tcs-b100-n1,8
2209,1et9.edge,jdrasil-b125-n1,6
10094,1f5f.edge,tcs-b100-n1,8
2281,1koi.edge,jdrasil-b125-n1,1
2169,1neu.edge,jdrasil-b125-n1,2
2246,1qto.edge,jdrasil-b125-n1,4
2253,1rec.edge,jdrasil-b125-n1,2
2196,1rfs.edge,jdrasil-b125-n1,4
2167,1rl6.edge,jdrasil-b125-n1,2
2278,2ilk.edge,jdrasil-b125-n1,2
29661,Grids_11.edge,tcs-b75-n1,3
29601,Grids_13.edge,tcs-b75-n1,3
29614,Grids_14.edge,tcs-b75-n1,3
2276,ProteinFolding_16.edge,jdrasil-b125-n1,1
7428,c432.isc.cnf.edge,jdrasil-b50-n1,3
2210,pdb1f4p.edge,jdrasil-b125-n1,1
2187,pdb1fnl.edge,jdrasil-b125-n1,1
2202,pdb1j98.edge,jdrasil-b125-n1,2
2231,pdb1tfe.edge,jdrasil-b125-n1,2
1662,BN_71.edge,jdrasil-b125-n1,4
5792,Grids_19.edge,jdrasil-b150-n1,14
5747,Grids_21.edge,jdrasil-b150-n1,14
5665,Grids_22.edge,jdrasil-b150-n1,14
5582,Grids_23.edge,jdrasil-b150-n1,3
5521,Grids_24.edge,jdrasil-b150-n1,3
5606,Grids_25.edge,jdrasil-b150-n1,3
5743,Grids_27.edge,jdrasil-b150-n1,3
1655,Promedas_12.edge,jdrasil-b125-n1,11
5745,Promedas_14.edge,jdrasil-b150-n1,12
5603,Promedas_17.edge,jdrasil-b150-n1,17
5552,Promedas_20.edge,jdrasil-b150-n1,11
5590,Promedas_22.edge,jdrasil-b150-n1,15
5725,Promedas_23.edge,jdrasil-b150-n1,17
9587,Promedas_24.edge,tcs-b100-n1,8
1664,Promedas_25.edge,jdrasil-b125-n1,11
1899,Promedas_27.edge,jdrasil-b125-n1,8
1871,Promedas_29.edge,jdrasil-b125-n1,6
1836,Promedas_30.edge,jdrasil-b125-n1,13
1666,Promedas_31.edge,jdrasil-b125-n1,14
29237,Promedas_33.edge,tcs-b75-n1,7
1798,Promedas_34.edge,jdrasil-b125-n1,13
29206,Promedas_35.edge,tcs-b75-n1,11
9563,Promedas_36.edge,tcs-b100-n1,9
1693,Promedas_37.edge,jdrasil-b125-n1,11
9678,Promedas_38.edge,tcs-b100-n1,6
1733,Promedas_39.edge,jdrasil-b125-n1,12
11743,Promedas_40.edge,jdrasil-b75t1800-n1,12
11774,Promedas_54.edge,jdrasil-b75t1800-n1,6
11762,Promedas_58.edge,jdrasil-b75t1800-n1,9
5750,Promedas_60.edge,jdrasil-b150-n1,3
11815,Promedas_68.edge,jdrasil-b75t1800-n1,6
1771,Promedus_25.edge,jdrasil-b125-n1,2
11675,Promedus_37.edge,jdrasil-b75t1800-n1,3
1875,blockmap_05_03-0000.edge,jdrasil-b125-n1,1
1887,blockmap_05_03-0001.edge,jdrasil-b125-n1,1
1668,blockmap_05_03-0002.edge,jdrasil-b125-n1,1
1751,blockmap_05_03-0003.edge,jdrasil-b125-n1,1
1793,blockmap_05_03-0004.edge,jdrasil-b125-n1,1
1709,blockmap_05_03-0005.edge,jdrasil-b125-n1,1
1882,blockmap_05_03-0006.edge,jdrasil-b125-n1,1
1842,blockmap_05_03-0007.edge,jdrasil-b125-n1,1
1872,blockmap_05_03-0008.edge,jdrasil-b125-n1,1
1783,blockmap_05_03-0009.edge,jdrasil-b125-n1,1
1735,blockmap_05_03-0010.edge,jdrasil-b125-n1,1
1844,blockmap_05_03-0011.edge,jdrasil-b125-n1,1
1792,blockmap_05_03-0012.edge,jdrasil-b125-n1,1
1756,blockmap_05_03-0013.edge,jdrasil-b125-n1,1
1762,blockmap_05_03-0014.edge,jdrasil-b125-n1,1
1820,blockmap_05_03-0015.edge,jdrasil-b125-n1,1
5756,fs-07.edge,jdrasil-b150-n1,2
9602,linkage_12.edge,tcs-b100-n1,2
6906,linkage_13.edge,jdrasil-b50-n1,3
1863,linkage_15.edge,jdrasil-b125-n1,5
1853,linkage_23.edge,jdrasil-b125-n1,1
1884,linkage_24.edge,jdrasil-b125-n1,2
9720,linkage_25.edge,tcs-b100-n1,5
9776,mastermind_03_08_03-0000.edge,tcs-b100-n1,1
9579,mastermind_03_08_03-0001.edge,tcs-b100-n1,1
9653,mastermind_03_08_03-0002.edge,tcs-b100-n1,1
6952,mastermind_03_08_03-0003.edge,jdrasil-b50-n1,1
9593,mastermind_03_08_03-0004.edge,tcs-b100-n1,2
9620,mastermind_03_08_03-0005.edge,tcs-b100-n1,1
9636,mastermind_03_08_03-0006.edge,tcs-b100-n1,2
9768,mastermind_03_08_03-0007.edge,tcs-b100-n1,1
9655,mastermind_03_08_03-0008.edge,tcs-b100-n1,1
9741,mastermind_03_08_03-0009.edge,tcs-b100-n1,1
9703,mastermind_03_08_03-0010.edge,tcs-b100-n1,2
9757,mastermind_03_08_03-0011.edge,tcs-b100-n1,1
9674,mastermind_03_08_03-0012.edge,tcs-b100-n1,1
9600,mastermind_03_08_03-0013.edge,tcs-b100-n1,1
9559,mastermind_03_08_03-0014.edge,tcs-b100-n1,1
9605,mastermind_03_08_03-0015.edge,tcs-b100-n1,1
21857,mastermind_04_08_03-0000.edge,jdrasil-b75-n1,3
6982,mastermind_04_08_03-0001.edge,jdrasil-b50-n1,2
9782,mastermind_04_08_03-0002.edge,tcs-b100-n1,2
21800,mastermind_04_08_03-0003.edge,jdrasil-b75-n1,2
9526,mastermind_04_08_03-0004.edge,tcs-b100-n1,3
21876,mastermind_04_08_03-0005.edge,jdrasil-b75-n1,3
6887,mastermind_04_08_03-0006.edge,jdrasil-b50-n1,1
7145,mastermind_04_08_03-0007.edge,jdrasil-b50-n1,3
21999,mastermind_04_08_03-0008.edge,jdrasil-b75-n1,2
7065,mastermind_04_08_03-0009.edge,jdrasil-b50-n1,1
21749,mastermind_04_08_03-0010.edge,jdrasil-b75-n1,2
21805,mastermind_04_08_03-0011.edge,jdrasil-b75-n1,3
21743,mastermind_04_08_03-0012.edge,jdrasil-b75-n1,3
21966,mastermind_04_08_03-0013.edge,jdrasil-b75-n1,3
9631,mastermind_04_08_03-0014.edge,tcs-b100-n1,3
9643,mastermind_04_08_03-0015.edge,tcs-b100-n1,3
9644,mastermind_05_08_03-0000.edge,tcs-b100-n1,2
21998,mastermind_05_08_03-0001.edge,jdrasil-b75-n1,2
21791,mastermind_05_08_03-0002.edge,jdrasil-b75-n1,2
21877,mastermind_05_08_03-0003.edge,jdrasil-b75-n1,2
20319,mastermind_05_08_03-0004.edge,htd-b150-n1,1
21916,mastermind_05_08_03-0005.edge,jdrasil-b75-n1,2
21822,mastermind_05_08_03-0006.edge,jdrasil-b75-n1,2
21984,mastermind_05_08_03-0007.edge,jdrasil-b75-n1,2
21817,mastermind_05_08_03-0008.edge,jdrasil-b75-n1,1
21898,mastermind_05_08_03-0009.edge,jdrasil-b75-n1,1
21736,mastermind_05_08_03-0010.edge,jdrasil-b75-n1,2
21936,mastermind_05_08_03-0011.edge,jdrasil-b75-n1,2
21855,mastermind_05_08_03-0012.edge,jdrasil-b75-n1,1
21826,mastermind_05_08_03-0013.edge,jdrasil-b75-n1,2
20274,mastermind_05_08_03-0014.edge,htd-b150-n1,2
21980,mastermind_05_08_03-0015.edge,jdrasil-b75-n1,2
21871,mastermind_06_08_03-0000.edge,jdrasil-b75-n1,4
11786,mastermind_06_08_03-0001.edge,jdrasil-b75t1800-n1,2
9632,mastermind_06_08_03-0003.edge,tcs-b100-n1,3
9629,mastermind_06_08_03-0004.edge,tcs-b100-n1,3
9713,mastermind_06_08_03-0005.edge,tcs-b100-n1,3
9696,mastermind_06_08_03-0006.edge,tcs-b100-n1,2
21866,mastermind_06_08_03-0007.edge,jdrasil-b75-n1,2
21729,mastermind_06_08_03-0008.edge,jdrasil-b75-n1,2
9787,mastermind_06_08_03-0009.edge,tcs-b100-n1,1
21960,mastermind_06_08_03-0010.edge,jdrasil-b75-n1,2
9707,mastermind_06_08_03-0011.edge,tcs-b100-n1,1
7048,mastermind_06_08_03-0012.edge,jdrasil-b50-n1,1
21978,mastermind_06_08_03-0013.edge,jdrasil-b75-n1,2
9769,mastermind_06_08_03-0014.edge,tcs-b100-n1,3
21996,mastermind_06_08_03-0015.edge,jdrasil-b75-n1,2
11894,or_chain_100.fg.edge,jdrasil-b75t1800-n1,11
11713,or_chain_105.fg.edge,jdrasil-b75t1800-n1,7
1770,or_chain_108.fg.edge,jdrasil-b125-n1,14
5702,or_chain_110.fg.edge,jdrasil-b150-n1,13
9596,or_chain_113.fg.edge,tcs-b100-n1,8
1706,or_chain_115.fg.edge,jdrasil-b125-n1,5
9581,or_chain_116.fg.edge,tcs-b100-n1,11
11873,or_chain_119.fg.edge,jdrasil-b75t1800-n1,9
1685,or_chain_120.fg.edge,jdrasil-b125-n1,5
5541,or_chain_121.fg.edge,jdrasil-b150-n1,17
5759,or_chain_124.fg.edge,jdrasil-b150-n1,17
11796,or_chain_127.fg.edge,jdrasil-b75t1800-n1,8
1885,or_chain_129.fg.edge,jdrasil-b125-n1,2
21919,or_chain_130.fg.edge,jdrasil-b75-n1,6
13945,or_chain_134.fg.edge,tcs-b125-n1,4
5785,or_chain_14.fg.edge,jdrasil-b150-n1,14
5777,or_chain_144.fg.edge,jdrasil-b150-n1,13
5659,or_chain_145.fg.edge,jdrasil-b150-n1,17
5527,or_chain_151.fg.edge,jdrasil-b150-n1,11
11920,or_chain_157.fg.edge,jdrasil-b75t1800-n1,11
5569,or_chain_16.fg.edge,jdrasil-b150-n1,17
1910,or_chain_160.fg.edge,jdrasil-b125-n1,9
9690,or_chain_162.fg.edge,tcs-b100-n1,12
1848,or_chain_163.fg.edge,jdrasil-b125-n1,8
1765,or_chain_164.fg.edge,jdrasil-b125-n1,9
11874,or_chain_167.fg.edge,jdrasil-b75t1800-n1,8
11817,or_chain_169.fg.edge,jdrasil-b75t1800-n1,6
1673,or_chain_170.fg.edge,jdrasil-b125-n1,14
11864,or_chain_173.fg.edge,jdrasil-b75t1800-n1,7
11851,or_chain_177.fg.edge,jdrasil-b75t1800-n1,6
27978,or_chain_178.fg.edge,jdrasil-b100-n1,11
1837,or_chain_179.fg.edge,jdrasil-b125-n1,11
5784,or_chain_186.fg.edge,jdrasil-b150-n1,3
5618,or_chain_187.fg.edge,jdrasil-b150-n1,18
21783,or_chain_188.fg.edge,jdrasil-b75-n1,4
11695,or_chain_190.fg.edge,jdrasil-b75t1800-n1,6
1723,or_chain_192.fg.edge,jdrasil-b125-n1,9
1708,or_chain_195.fg.edge,jdrasil-b125-n1,13
9756,or_chain_2.fg.edge,tcs-b100-n1,3
11698,or_chain_200.fg.edge,jdrasil-b75t1800-n1,13
1769,or_chain_202.fg.edge,jdrasil-b125-n1,11
5669,or_chain_21.fg.edge,jdrasil-b150-n1,2
5547,or_chain_210.fg.edge,jdrasil-b150-n1,16
11921,or_chain_214.fg.edge,jdrasil-b75t1800-n1,4
1745,or_chain_217.fg.edge,jdrasil-b125-n1,6
5726,or_chain_219.fg.edge,jdrasil-b150-n1,10
9584,or_chain_22.fg.edge,tcs-b100-n1,9
11902,or_chain_221.fg.edge,jdrasil-b75t1800-n1,8
5568,or_chain_224.fg.edge,jdrasil-b150-n1,20
11845,or_chain_227.fg.edge,jdrasil-b75t1800-n1,6
9726,or_chain_229.fg.edge,tcs-b100-n1,10
1781,or_chain_230.fg.edge,jdrasil-b125-n1,12
1746,or_chain_234.fg.edge,jdrasil-b125-n1,12
9677,or_chain_235.fg.edge,tcs-b100-n1,4
11690,or_chain_236.fg.edge,jdrasil-b75t1800-n1,3
5758,or_chain_239.fg.edge,jdrasil-b150-n1,8
1721,or_chain_24.fg.edge,jdrasil-b125-n1,13
29292,or_chain_240.fg.edge,tcs-b75-n1,11
5718,or_chain_244.fg.edge,jdrasil-b150-n1,14
1827,or_chain_245.fg.edge,jdrasil-b125-n1,15
9612,or_chain_25.fg.edge,tcs-b100-n1,6
5694,or_chain_26.fg.edge,jdrasil-b150-n1,16
9691,or_chain_27.fg.edge,tcs-b100-n1,9
1859,or_chain_30.fg.edge,jdrasil-b125-n1,12
1841,or_chain_32.fg.edge,jdrasil-b125-n1,11
11886,or_chain_35.fg.edge,jdrasil-b75t1800-n1,7
9699,or_chain_37.fg.edge,tcs-b100-n1,3
1697,or_chain_39.fg.edge,jdrasil-b125-n1,11
5790,or_chain_41.fg.edge,jdrasil-b150-n1,12
1816,or_chain_44.fg.edge,jdrasil-b125-n1,9
11768,or_chain_46.fg.edge,jdrasil-b75t1800-n1,10
9560,or_chain_47.fg.edge,tcs-b100-n1,2
9537,or_chain_49.fg.edge,tcs-b100-n1,10
1916,or_chain_51.fg.edge,jdrasil-b125-n1,16
1681,or_chain_52.fg.edge,jdrasil-b125-n1,4
13874,or_chain_54.fg.edge,tcs-b125-n1,19
1759,or_chain_55.fg.edge,jdrasil-b125-n1,12
9786,or_chain_56.fg.edge,tcs-b100-n1,7
21893,or_chain_57.fg.edge,jdrasil-b75-n1,8
1782,or_chain_58.fg.edge,jdrasil-b125-n1,1
1912,or_chain_59.fg.edge,jdrasil-b125-n1,16
11865,or_chain_61.fg.edge,jdrasil-b75t1800-n1,6
9583,or_chain_67.fg.edge,tcs-b100-n1,3
5567,or_chain_73.fg.edge,jdrasil-b150-n1,15
11829,or_chain_8.fg.edge,jdrasil-b75t1800-n1,12
1796,or_chain_81.fg.edge,jdrasil-b125-n1,8
1661,or_chain_83.fg.edge,jdrasil-b125-n1,6
1774,or_chain_88.fg.edge,jdrasil-b125-n1,6
29243,or_chain_89.fg.edge,tcs-b75-n1,7
13693,or_chain_9.fg.edge,tcs-b125-n1,12
5614,or_chain_95.fg.edge,jdrasil-b150-n1,12
9524,or_chain_97.fg.edge,tcs-b100-n1,11
9566,or_chain_98.fg.edge,tcs-b100-n1,6
1687,pedigree30.edge,jdrasil-b125-n1,2
9657,pedigree31.edge,tcs-b100-n1,2
1818,pedigree37.edge,jdrasil-b125-n1,1
9522,pedigree39.edge,tcs-b100-n1,2
9700,pedigree40.edge,tcs-b100-n1,5
6922,pedigree41.edge,jdrasil-b50-n1,3
1727,pedigree51.edge,jdrasil-b125-n1,5
9516,1d2n.edge,tcs-b100-n1,3
1460,1eg3.edge,jdrasil-b125-n1,6
30130,1exm.edge,tcs-b150-n1,1
1568,1p1m.edge,jdrasil-b125-n1,2
9375,1qb7.edge,tcs-b100-n1,8
5346,1qpk.edge,jdrasil-b150-n1,4
9315,1tl2.edge,tcs-b100-n1,12
1504,Grids_15.edge,jdrasil-b125-n1,2
1591,Grids_16.edge,jdrasil-b125-n1,2
1623,Grids_17.edge,jdrasil-b125-n1,2
1580,Grids_18.edge,jdrasil-b125-n1,2
5463,Grids_26.edge,jdrasil-b150-n1,5
11613,Grids_28.edge,jdrasil-b75t1800-n1,5
5383,Grids_29.edge,jdrasil-b150-n1,5
1577,Grids_30.edge,jdrasil-b125-n1,2
1491,ImageAlignment_11.edge,jdrasil-b125-n1,1
1467,ImageAlignment_14.edge,jdrasil-b125-n1,1
1554,ImageAlignment_15.edge,jdrasil-b125-n1,1
1551,Pedigree_11.edge,jdrasil-b125-n1,2
1498,Pedigree_12.edge,jdrasil-b125-n1,1
5360,Promedus_11.edge,jdrasil-b150-n1,4
6705,Promedus_18.edge,jdrasil-b50-n1,2
1520,Promedus_21.edge,jdrasil-b125-n1,1
1543,Promedus_22.edge,jdrasil-b125-n1,1
9414,Promedus_27.edge,tcs-b100-n1,2
1475,Promedus_28.edge,jdrasil-b125-n1,2
1586,Promedus_34.edge,jdrasil-b125-n1,3
1518,Promedus_35.edge,jdrasil-b125-n1,1
1494,Promedus_36.edge,jdrasil-b125-n1,1
1499,ProteinFolding_11.edge,jdrasil-b125-n1,2
1636,fs-04.edge,jdrasil-b125-n1,1
5354,or_chain_10.fg.edge,jdrasil-b150-n1,4
1540,or_chain_133.fg.edge,jdrasil-b125-n1,1
9327,or_chain_147.fg.edge,tcs-b100-n1,2
1522,or_chain_148.fg.edge,jdrasil-b125-n1,2
1613,or_chain_182.fg.edge,jdrasil-b125-n1,3
1643,or_chain_201.fg.edge,jdrasil-b125-n1,1
1448,or_chain_225.fg.edge,jdrasil-b125-n1,1
21670,or_chain_64.fg.edge,jdrasil-b75-n1,3
6795,or_chain_65.fg.edge,jdrasil-b50-n1,2
1550,or_chain_74.fg.edge,jdrasil-b125-n1,1
1526,or_chain_85.fg.edge,jdrasil-b125-n1,1
11622,wcsp_16.edge,jdrasil-b75t1800-n1,2
13673,wcsp_17.edge,tcs-b125-n1,4
1502,wcsp_18.edge,jdrasil-b125-n1,1
2125,BN_72.edge,jdrasil-b125-n1,10
5959,BN_73.edge,jdrasil-b150-n1,2
2144,BN_76.edge,jdrasil-b125-n1,10
2159,mastermind_03_08_04-0000.edge,jdrasil-b125-n1,2
2099,mastermind_03_08_04-0001.edge,jdrasil-b125-n1,2
2109,mastermind_03_08_04-0002.edge,jdrasil-b125-n1,1
2111,mastermind_03_08_04-0003.edge,jdrasil-b125-n1,1
12157,mastermind_03_08_04-0004.edge,jdrasil-b75t1800-n1,5
2126,mastermind_03_08_04-0005.edge,jdrasil-b125-n1,1
9983,mastermind_03_08_04-0006.edge,tcs-b100-n1,4
2155,mastermind_03_08_04-0007.edge,jdrasil-b125-n1,1
7313,mastermind_03_08_04-0008.edge,jdrasil-b50-n1,1
2103,mastermind_03_08_04-0009.edge,jdrasil-b125-n1,1
2133,mastermind_03_08_04-0010.edge,jdrasil-b125-n1,1
2148,mastermind_03_08_04-0011.edge,jdrasil-b125-n1,1
12089,mastermind_03_08_04-0012.edge,jdrasil-b75t1800-n1,2
10017,mastermind_03_08_04-0013.edge,tcs-b100-n1,2
2118,mastermind_03_08_04-0014.edge,jdrasil-b125-n1,1
2101,mastermind_03_08_04-0015.edge,jdrasil-b125-n1,2
20502,mastermind_03_08_05-0001.edge,htd-b150-n1,1
2147,mastermind_03_08_05-0002.edge,jdrasil-b125-n1,1
2098,mastermind_03_08_05-0003.edge,jdrasil-b125-n1,1
2138,mastermind_03_08_05-0004.edge,jdrasil-b125-n1,2
2127,mastermind_03_08_05-0008.edge,jdrasil-b125-n1,1
12106,mastermind_03_08_05-0009.edge,jdrasil-b75t1800-n1,2
12090,mastermind_03_08_05-0010.edge,jdrasil-b75t1800-n1,4
2106,mastermind_03_08_05-0011.edge,jdrasil-b125-n1,2
2100,mastermind_03_08_05-0013.edge,jdrasil-b125-n1,1
10025,mastermind_03_08_05-0014.edge,tcs-b100-n1,1
2107,mastermind_03_08_05-0015.edge,jdrasil-b125-n1,2
12120,mastermind_04_08_04-0000.edge,jdrasil-b75t1800-n1,6
28404,mastermind_04_08_04-0001.edge,jdrasil-b100-n1,6
2097,mastermind_04_08_04-0002.edge,jdrasil-b125-n1,2
22208,mastermind_04_08_04-0003.edge,jdrasil-b75-n1,6
12146,mastermind_04_08_04-0004.edge,jdrasil-b75t1800-n1,2
20548,mastermind_04_08_04-0005.edge,htd-b150-n1,4
20531,mastermind_04_08_04-0006.edge,htd-b150-n1,4
28428,mastermind_04_08_04-0007.edge,jdrasil-b100-n1,6
28412,mastermind_04_08_04-0008.edge,jdrasil-b100-n1,6
2146,mastermind_04_08_04-0009.edge,jdrasil-b125-n1,7
12118,mastermind_04_08_04-0010.edge,jdrasil-b75t1800-n1,6
12131,mastermind_04_08_04-0011.edge,jdrasil-b75t1800-n1,6
12148,mastermind_04_08_04-0012.edge,jdrasil-b75t1800-n1,5
12159,mastermind_04_08_04-0013.edge,jdrasil-b75t1800-n1,5
12083,mastermind_04_08_04-0014.edge,jdrasil-b75t1800-n1,6
12150,mastermind_04_08_04-0015.edge,jdrasil-b75t1800-n1,5
12156,mastermind_10_08_03-0000.edge,jdrasil-b75t1800-n1,4
12124,mastermind_10_08_03-0001.edge,jdrasil-b75t1800-n1,4
12160,mastermind_10_08_03-0002.edge,jdrasil-b75t1800-n1,5
12152,mastermind_10_08_03-0003.edge,jdrasil-b75t1800-n1,3
12141,mastermind_10_08_03-0004.edge,jdrasil-b75t1800-n1,3
12158,mastermind_10_08_03-0005.edge,jdrasil-b75t1800-n1,4
9998,mastermind_10_08_03-0006.edge,tcs-b100-n1,2
12138,mastermind_10_08_03-0007.edge,jdrasil-b75t1800-n1,1
12098,mastermind_10_08_03-0008.edge,jdrasil-b75t1800-n1,1
12136,mastermind_10_08_03-0009.edge,jdrasil-b75t1800-n1,3
12147,mastermind_10_08_03-0011.edge,jdrasil-b75t1800-n1,4
12154,mastermind_10_08_03-0012.edge,jdrasil-b75t1800-n1,4
2104,mastermind_10_08_03-0014.edge,jdrasil-b125-n1,1
12084,mastermind_10_08_03-0015.edge,jdrasil-b75t1800-n1,4
7161,blockmap_10_01-0000.edge,jdrasil-b50-n1,1
7236,blockmap_10_01-0001.edge,jdrasil-b50-n1,1
9847,blockmap_10_01-0002.edge,tcs-b100-n1,1
9925,blockmap_10_01-0004.edge,tcs-b100-n1,1
7212,blockmap_10_01-0006.edge,jdrasil-b50-n1,1
9942,blockmap_10_01-0009.edge,tcs-b100-n1,1
9826,blockmap_10_01-0012.edge,tcs-b100-n1,1
7264,blockmap_10_01-0013.edge,jdrasil-b50-n1,1
9934,blockmap_10_02-0003.edge,tcs-b100-n1,3
9935,blockmap_10_02-0004.edge,tcs-b100-n1,6
9873,blockmap_10_02-0010.edge,tcs-b100-n1,6
9940,blockmap_10_03-0009.edge,tcs-b100-n1,1
9896,blockmap_10_03-0010.edge,tcs-b100-n1,3
9889,blockmap_10_03-0011.edge,tcs-b100-n1,1
9867,blockmap_10_03-0013.edge,tcs-b100-n1,1
30112,Cell120.gr,tcs-b150-n1,10
6434,RandomHolmeKim_700_2_2.gr,jdrasil-b150-n1,2
6655,RandomTriangulation_800.gr,tcs-b125-n1,3
15042,aes_32_3_keyfind_1.gaifman.gr,jdrasil-b125-n1,10
5254,BiggsSmithGraph.gr,tcs-b50-n1,1
6404,BubbleSortGraph_5.gr,jdrasil-b150-n1,5
26390,DejterGraph.gr,tcs-b100-n1,6
6646,HallJankoGraph.gr,tcs-b125-n1,4
6653,HigmanSimsGraph.gr,tcs-b125-n1,5
5272,LjubljanaGraph.gr,tcs-b50-n1,1
6539,RandomBarabasiAlbert_100_5.gr,tcs-b75-n1,1
5267,RandomNewmanWattsStrogatz_100_5_3.gr,tcs-b50-n1,2
6416,Tutte12Cage.gr,jdrasil-b150-n1,1
6398,dimacs_fpsol2.i.1-pp.gr,jdrasil-b150-n1,11
6421,dimacs_mulsol.i.1.gr,jdrasil-b150-n1,1
6419,dimacs_queen12_12.gr,jdrasil-b150-n1,1
6382,dimacs_queen13_13.gr,jdrasil-b150-n1,1
30066,dimacs_queen14_14.gr,tcs-b150-n1,6
6342,JohnsonGraph_10_4.gr,jdrasil-b150-n1,2
6344,RandomGNM_250_1000.gr,jdrasil-b150-n1,5
6358,dimacs_inithx.i.1.gr,jdrasil-b150-n1,2
6554,dimacs_queen15_15.gr,tcs-b125-n1,7
6332,dimacs_queen16_16.gr,jdrasil-b150-n1,8
6348,dimacs_school1_nsh-pp.gr,jdrasil-b150-n1,3
297,action_20150129_0101.gml.lp.gr,jdrasil-b50-n1,1
235,austin_2015-12.gml.lp.gr,jdrasil-b50-n1,1
4622,bc-transit-archiver_20130419_0317.gml.lp.gr,jdrasil-b150-n1,1
4645,bc-transit-archiver_20130426_0318.gml.lp.gr,jdrasil-b150-n1,1
245,best_20150714_1102.gml.lp.gr,jdrasil-b50-n1,2
1397,bkk_20151219_0150.gml.lp.gr,tcs-b100-n1,3
4658,bkv-zrt_20120422_0314.gml.lp.gr,jdrasil-b150-n1,9
239,brampton-transit_20140905_1826.gml.lp.gr,jdrasil-b50-n1,2
233,broward-county-transit_20150417_1831.gml.lp.gr,jdrasil-b50-n1,3
1411,budapest_gtfs.gml.lp.gr,tcs-b100-n1,2
4655,buffalo_niagara_region_ny_2015-12-17.gml.lp.gr,jdrasil-b150-n1,3
1376,capital-metro_20141218_0131.gml.lp.gr,tcs-b100-n1,1
266,capmetro_20150628_0130.gml.lp.gr,jdrasil-b50-n1,1
7961,champaign-urbana-mass-transit-district_20151217_1253.gml.lp.gr,jdrasil-b100-n1,1
308,comune-di-milano_20151202_1900.gml.lp.gr,jdrasil-b50-n1,2
1093,connectoos.com_20150906_0927.gml.lp.gr,htd-b150-n1,2
1084,dallas-area-rapid-transit_20151216_1427.gml.lp.gr,htd-b150-n1,1
15432,dallas_2015-08-17.gml.lp.gr,jdrasil-b75-n1,5
7977,dallas_2015-09-21.gml.lp.gr,jdrasil-b100-n1,6
1439,dallas_2015-10-19.gml.lp.gr,tcs-b100-n1,3
21423,dart-archiver_20111024_0319.gml.lp.gr,tcs-b125-n1,4
313,delaware-department-of-transportation_20101101_1838.gml.lp.gr,jdrasil-b50-n1,1
1410,ecobici.stats_20141007_2248.gml.lp.gr,tcs-b100-n1,2
265,gbrail.info_20130817_2226.gml.lp.gr,jdrasil-b50-n1,1
231,greater-cleveland-regional-transit-authority_20140529_0333.gml.lp.gr,jdrasil-b50-n1,1
1122,guy@connectoos.com_20150906_0927.gml.lp.gr,htd-b150-n1,2
7941,kansas_city_2016-01.gml.lp.gr,jdrasil-b100-n1,4
4626,kcata_20151219_0125.gml.lp.gr,jdrasil-b150-n1,9
289,kolumbus_norway_2016-01.gml.lp.gr,jdrasil-b50-n1,2
1373,louisville_ky_2015-12-22.gml.lp.gr,tcs-b100-n1,1
311,madison_wi_2016-01.gml.lp.gr,jdrasil-b50-n1,2
250,massachusetts_pvrta_2009-10-22.gml.lp.gr,jdrasil-b50-n1,1
1433,metro-st-louis_20130916_1522.gml.lp.gr,tcs-b100-n1,5
307,metro-transit-city-of-madison_20151217_0832.gml.lp.gr,jdrasil-b50-n1,2
1379,milwaukee-county-transit-system_20151217_1325.gml.lp.gr,tcs-b100-n1,4
1414,miway_20141023_1340.gml.lp.gr,tcs-b100-n1,4
236,montgomery-county-md-ride-on_20151217_1442.gml.lp.gr,jdrasil-b50-n1,2
290,mts_20151216_1447.gml.lp.gr,jdrasil-b50-n1,1
264,new_york_bus_2015-12-24.gml.lp.gr,jdrasil-b50-n1,1
279,new_york_staten_brooklyn_bus_2015-12-23.gml.lp.gr,jdrasil-b50-n1,2
4691,nfta-metro_20151219_0131.gml.lp.gr,jdrasil-b150-n1,3
7953,orange-county-transportation-authority_20151202_1534.gml.lp.gr,jdrasil-b100-n1,5
7937,orange_county_2015-12.gml.lp.gr,jdrasil-b100-n1,5
271,penillas_county_fl_2016-01.gml.lp.gr,jdrasil-b50-n1,1
268,portland-metro-area.gml.lp.gr,jdrasil-b50-n1,1
232,portland_2015-12.gml.lp.gr,jdrasil-b50-n1,1
305,portland_2016-01.gml.lp.gr,jdrasil-b50-n1,1
280,psta_20151216_1523.gml.lp.gr,jdrasil-b50-n1,1
256,pvta_20151217_1050.gml.lp.gr,jdrasil-b50-n1,1
1409,rhode-island-public-transit-authority_20120920_0331.gml.lp.gr,tcs-b100-n1,1
229,ripta_20150825_0113.gml.lp.gr,jdrasil-b50-n1,1
25930,rochester-genesee-regional-transportation-authority_20151219_0120.gml.lp.gr,tcs-b75-n1,5
25979,rochester_ny_2015-12-18.gml.lp.gr,tcs-b75-n1,5
1387,san-francisco-municipal-transportation-agency_20151216_1446.gml.lp.gr,tcs-b100-n1,5
304,san_antonio_tx_2016-01.gml.lp.gr,jdrasil-b50-n1,1
278,san_diego_2016-01.gml.lp.gr,jdrasil-b50-n1,1
243,santa_clara_ca_2016-01.gml.lp.gr,jdrasil-b50-n1,1
4667,st_louis_mo_2015-11-19.gml.lp.gr,jdrasil-b150-n1,3
1380,tbc_20120105_0426.gml.lp.gr,tcs-b100-n1,4
4641,the-metro_20110104_0843.gml.lp.gr,jdrasil-b150-n1,2
314,thebus_20130419_0809.gml.lp.gr,jdrasil-b50-n1,1
1389,thomaskoch_20130417_1934.gml.lp.gr,tcs-b100-n1,4
25985,thomaskoch_20130528_1213.gml.lp.gr,tcs-b75-n1,3
15409,transit-authority-of-river-city_20140813_2016.gml.lp.gr,jdrasil-b75-n1,3
294,trimet-archiver_20151219_0104.gml.lp.gr,jdrasil-b50-n1,1
16750,utah-transit-authority_20151217_1021.gml.lp.gr,tcs-b50-n1,1
1420,via-metropolitan-transit_20150930_1536.gml.lp.gr,tcs-b100-n1,6
1396,vta_20140729_2023.gml.lp.gr,tcs-b100-n1,4
4612,york_county_ca_2016-01.gml.lp.gr,jdrasil-b150-n1,6
173,chapel-hill-transit_20150227_1732.gml.lp.gr,jdrasil-b50-n1,1
213,city-of-albany-linn-benton-loop-archiver_20130218_0424.gml.lp.gr,jdrasil-b50-n1,1
153,citybus_20151001_1343.gml.lp.gr,jdrasil-b50-n1,1
195,cts_20130915_1535.gml.lp.gr,jdrasil-b50-n1,1
221,kingston-transit_20140526_1325.gml.lp.gr,jdrasil-b50-n1,1
1328,massachusetts_wrta_2015-01-24.gml.lp.gr,tcs-b100-n1,1
4468,a1210993_20150717_0403.gml.lp.gr,jdrasil-b150-n1,1
1204,ac-transit_20150218_1708.gml.lp.gr,tcs-b100-n1,1
1205,adelaide_2016-01.gml.lp.gr,tcs-b100-n1,2
96,auckland-regional-transport-authority_20110207_0347.normalized.gml.lp.gr,jdrasil-b50-n1,2
110,cango.transit.update_20150409_1736.normalized.gml.lp.gr,jdrasil-b50-n1,2
4487,cango.transit.update_20151216_1627.gml.lp.gr,jdrasil-b150-n1,2
1242,chicago_2016-01.gml.lp.gr,tcs-b100-n1,1
1229,denver_2016-01.gml.lp.gr,tcs-b100-n1,1
87,empresa-municipal-de-transportes_20151219_0107.gml.lp.gr,jdrasil-b50-n1,2
4502,google_transit.gml.lp.gr,jdrasil-b150-n1,5
4477,huston_2015-12.gml.lp.gr,jdrasil-b150-n1,1
4470,kingcounty-archiver_20151217_1106.gml.lp.gr,jdrasil-b150-n1,7
4464,kingcounty_2015-12-23.gml.lp.gr,jdrasil-b150-n1,7
1238,la-metro_20101211_0848.gml.lp.gr,tcs-b100-n1,6
107,lansing_mi_2016-01.gml.lp.gr,jdrasil-b50-n1,1
21289,los_angeles_2016-01.gml.lp.gr,tcs-b125-n1,6
80,madrid_spain_2016-01.gml.lp.gr,jdrasil-b50-n1,1
1217,massachusetts-archiver_20151219_0121.gml.lp.gr,tcs-b100-n1,6
1211,massachusetts_bay_2015-12.gml.lp.gr,tcs-b100-n1,7
21295,metro-los-angeles_20151216_1820.normalized.gml.lp.gr,tcs-b125-n1,6
1230,metropolitan-transit-authority-of-harris-county_20150228_0202.gml.lp.gr,tcs-b100-n1,9
91,miami-dade-transit_20151219_0136.gml.lp.gr,jdrasil-b50-n1,1
119,miami-dade_2016-01.gml.lp.gr,jdrasil-b50-n1,1
1216,milwaukee_2016-01.gml.lp.gr,tcs-b100-n1,2
25796,mta-maryland-archiver_20111026_0315.gml.lp.gr,tcs-b75-n1,5
1245,mta-maryland-archiver_20150819_0130.gml.lp.gr,tcs-b100-n1,6
25777,oc-transpo_20131119_1910.gml.lp.gr,tcs-b75-n1,2
1219,pace_20151219_0144.gml.lp.gr,tcs-b100-n1,1
1248,pittsburgh_CleverTrip_2015-11-4.gml.lp.gr,tcs-b100-n1,3
1225,pittsburgh_bing_2015-11-23.gml.lp.gr,tcs-b100-n1,3
25800,port-authority-of-allegheny-county_20140619_0109.gml.lp.gr,tcs-b75-n1,3
101,quebec_2016-01.gml.lp.gr,jdrasil-b50-n1,2
928,regional-transportation-district_20151219_0114.gml.lp.gr,htd-b150-n1,1
1231,socit-de-transport-de-montral_20151217_1107.gml.lp.gr,tcs-b100-n1,1
4494,torino_2016-01.gml.lp.gr,jdrasil-b150-n1,3
27045,tptmdz_20150710_1428.gml.lp.gr,jdrasil-b125-n1,7
4463,translink-archiver_20151219_0124.gml.lp.gr,jdrasil-b150-n1,5
85,trasporti-regionali-della-sardegna_20131105_0940.gml.lp.gr,jdrasil-b50-n1,1
4479,vancouver_2016-01.gml.lp.gr,jdrasil-b150-n1,5
1236,victoria_regional_transit_2016-01.gml.lp.gr,tcs-b100-n1,3
114,york-region-transit_20151219_0115.gml.lp.gr,jdrasil-b50-n1,1
71,abq-ride_20151004_0137.gml.lp.gr,jdrasil-b50-n1,1
1172,cdta_20151216_1721.gml.lp.gr,tcs-b100-n1,1
5,cityofmadison-archiver_20130830_1512.gml.lp.gr,jdrasil-b50-n1,1
3,dart-first-state_20151202_1815.gml.lp.gr,jdrasil-b50-n1,1
51,delaware_2016-01.gml.lp.gr,jdrasil-b50-n1,1
25,detroit-department-of-transportation_20151202_1517.gml.lp.gr,jdrasil-b50-n1,1
31,halifax-metro-transit_20151202_1632.gml.lp.gr,jdrasil-b50-n1,1
73,halifax-transit_20150930_1437.gml.lp.gr,jdrasil-b50-n1,1
56,indygo_20120905_1753.gml.lp.gr,jdrasil-b50-n1,1
1202,kingcounty_2016-01.gml.lp.gr,tcs-b100-n1,1
23,long-island-bus_20110825_1140.gml.lp.gr,jdrasil-b50-n1,1
9,metlink-archiver_20110625_0239.gml.lp.gr,jdrasil-b50-n1,1
28,metlink-archiver_20110705_0254.gml.lp.gr,jdrasil-b50-n1,1
66,metro-christchurch_20150918_0928.gml.lp.gr,jdrasil-b50-n1,1
20,metro-transit-system-city-of-madison_20131009_1415.gml.lp.gr,jdrasil-b50-n1,1
11,metropolitan-tulsa-transit-authority_20151202_1954.gml.lp.gr,jdrasil-b50-n1,1
1176,mta-bus-company_20140205_0119.gml.lp.gr,tcs-b100-n1,1
6,mta-new-york-city-transit_20150723_2021.gml.lp.gr,jdrasil-b50-n1,1
41,nassau-inter-county-express_20131030_1518.gml.lp.gr,jdrasil-b50-n1,1
0,new_york_bronx_bus_2015-12-23.gml.lp.gr,jdrasil-b50-n1,1
70,new_york_manhattan_bus_2015-12-23.gml.lp.gr,jdrasil-b50-n1,1
18,new_york_queens_bus_2015-12-23.gml.lp.gr,jdrasil-b50-n1,1
16,north-county-transit-district_20150930_1532.gml.lp.gr,jdrasil-b50-n1,1
14,north_san_diego_county_2016-01.gml.lp.gr,jdrasil-b50-n1,1
74,omnitrans_20151217_1124.gml.lp.gr,jdrasil-b50-n1,1
46,regional-transit-system_20150224_2046.gml.lp.gr,jdrasil-b50-n1,1
7746,regional-transportation-commission-of-southern-nevada_20130315_0353.gml.lp.gr,jdrasil-b100-n1,3
68,riverside-transit-agency_20151216_1636.gml.lp.gr,jdrasil-b50-n1,1
62,sacramento-regional-transit_20151217_1028.gml.lp.gr,jdrasil-b50-n1,1
10,sacramento_2014-06-15.gml.lp.gr,jdrasil-b50-n1,1
67,sacramento_2015-12.gml.lp.gr,jdrasil-b50-n1,1
4406,semitan_20151217_2118.gml.lp.gr,jdrasil-b150-n1,1
1164,servios-municipalizados-de-transportes-urbanos-de-coimbra_20141110_1635.gml.lp.gr,tcs-b100-n1,1
38,smtd_20151216_1406.gml.lp.gr,jdrasil-b50-n1,1
7758,southern_nevada_2016-01.gml.lp.gr,jdrasil-b100-n1,3
47,stib_20150902_2008.gml.lp.gr,jdrasil-b50-n1,1
39,transportes-urbanos-de-braga_20150131_2038.gml.lp.gr,jdrasil-b50-n1,1
27071,auckland-transport_20140910_0129.gml.lp.gr,jdrasil-b125-n1,4
27069,auckland_2016-01.gml.lp.gr,jdrasil-b125-n1,4
1272,huston_merge_2015-12.gml.lp.gr,tcs-b100-n1,9
4533,perth_2016-01.gml.lp.gr,jdrasil-b150-n1,3
4532,santiago.transit_20140625_2014.gml.lp.gr,jdrasil-b150-n1,5
1254,sydney-buses_20131202_0139.gml.lp.gr,tcs-b100-n1,2
129,tec_20150902_2003.gml.lp.gr,jdrasil-b50-n1,1
16628,transperth-archiver_20091103_0330.gml.lp.gr,tcs-b50-n1,2
141,transperth-archiver_20130706_0329.gml.lp.gr,jdrasil-b50-n1,1
4520,transperth-archiver_20141007_0213.gml.lp.gr,jdrasil-b150-n1,2
1255,ttc_20151217_1257.gml.lp.gr,tcs-b100-n1,4
1260,washington_dc_2015-12.gml.lp.gr,tcs-b100-n1,4
16624,wmata-archiver_20151219_0103.gml.lp.gr,tcs-b50-n1,3
9245,BN_126.dgf,tcs-b125-n1,4
2893,BN_127.dgf,jdrasil-b150-n1,3
2927,BN_128.dgf,jdrasil-b150-n1,2
17791,BN_129.dgf,tcs-b150-n1,3
5135,BN_131.dgf,tcs-b100-n1,6
2912,BN_132.dgf,jdrasil-b150-n1,3
27671,BN_133.dgf,jdrasil-b125-n1,3
2933,BN_134.dgf,jdrasil-b150-n1,4
2936,BN_16-pp.dgf,jdrasil-b150-n1,2
2905,BN_17-pp.dgf,jdrasil-b150-n1,2
5168,BN_19-pp.dgf,tcs-b100-n1,1
2929,BN_69.dgf,jdrasil-b150-n1,2
2957,bcs08-pp.dgf-030.dgf,jdrasil-b150-n1,7
2948,coli_primal_graph.dimacs,jdrasil-b150-n1,3
3541,d657.tsp-pp.dgf,jdrasil-b75t1800-n1,2
2895,d657.tsp.dgf,jdrasil-b150-n1,2
3567,rat783.tsp-pp.dgf,jdrasil-b75t1800-n1,1
2906,u574.tsp-pp.dgf,jdrasil-b150-n1,1
5125,u574.tsp.dgf,tcs-b100-n1,2
5147,u724.tsp-pp.dgf,tcs-b100-n1,5
3555,u724.tsp.dgf,jdrasil-b75t1800-n1,3
2949,vibrio_primal_graph.dimacs,jdrasil-b150-n1,2
3509,vm1084.tsp-pp.dgf,jdrasil-b75t1800-n1,2
2915,yeast_primal_graph.dimacs,jdrasil-b150-n1,1
2778,1a62_graph-pp.dimacs,jdrasil-b150-n1,3
2859,1a62_graph.dimacs,jdrasil-b150-n1,3
2783,1aac_graph-pp.dimacs,jdrasil-b150-n1,7
2809,1aac_graph.dimacs,jdrasil-b150-n1,7
2816,1b0n_graph.dimacs,jdrasil-b150-n1,2
2840,1bkb_graph-pp.dimacs,jdrasil-b150-n1,3
2768,1bkb_graph.dimacs,jdrasil-b150-n1,3
2761,1bkf_graph-pp.dimacs,jdrasil-b150-n1,2
2819,1bkf_graph.dimacs,jdrasil-b150-n1,2
5043,1bkr_graph.dimacs,tcs-b100-n1,12
2867,1cuk_graph-pp.dimacs,jdrasil-b150-n1,1
2817,1cuk_graph.dimacs,jdrasil-b150-n1,1
2883,1d4t_graph.dimacs,jdrasil-b150-n1,4
2871,1erv_graph.dimacs,jdrasil-b150-n1,6
2730,1f9m_graph.dimacs,jdrasil-b150-n1,2
2849,1fpo_graph-pp.dimacs,jdrasil-b150-n1,7
2804,1fpo_graph.dimacs,jdrasil-b150-n1,7
2781,1fs1_graph.dimacs,jdrasil-b150-n1,3
2818,1g3p_graph-pp.dimacs,jdrasil-b150-n1,4
2793,1g3p_graph.dimacs,jdrasil-b150-n1,4
2780,1gef_graph-pp.dimacs,jdrasil-b150-n1,8
2858,1gef_graph.dimacs,jdrasil-b150-n1,8
2861,1i0v_graph.dimacs,jdrasil-b150-n1,6
2779,1iib_graph-pp.dimacs,jdrasil-b150-n1,4
2757,1iib_graph.dimacs,jdrasil-b150-n1,4
2796,1jhg_graph.dimacs,jdrasil-b150-n1,1
2773,1lkk_graph.dimacs,jdrasil-b150-n1,9
2775,1on2_graph-pp.dimacs,jdrasil-b150-n1,4
2787,1on2_graph.dimacs,jdrasil-b150-n1,4
10658,1rro_graph.dimacs,tcs-b75-n1,7
10605,BN_0.dgf,tcs-b75-n1,2
2782,BN_11.dgf,jdrasil-b150-n1,1
10704,BN_126-pp.dgf,tcs-b75-n1,3
2747,BN_127-pp.dgf,jdrasil-b150-n1,1
2813,BN_128-pp.dgf,jdrasil-b150-n1,2
2732,BN_129-pp.dgf,jdrasil-b150-n1,5
10609,BN_13.dgf,tcs-b75-n1,4
10660,BN_131-pp.dgf,tcs-b75-n1,5
10752,BN_132-pp.dgf,tcs-b75-n1,2
2845,BN_133-pp.dgf,jdrasil-b150-n1,1
5095,BN_134-pp.dgf,tcs-b100-n1,5
2825,BN_14.dgf,jdrasil-b150-n1,3
2806,BN_15.dgf,jdrasil-b150-n1,3
2731,BN_2.dgf,jdrasil-b150-n1,3
10667,BN_4.dgf,tcs-b75-n1,1
5009,BN_46-pp.dgf,tcs-b100-n1,4
2852,BN_5-pp.dgf,jdrasil-b150-n1,3
2827,BN_5.dgf,jdrasil-b150-n1,4
2835,BN_6-pp.dgf,jdrasil-b150-n1,1
2765,BN_6.dgf,jdrasil-b150-n1,1
2848,BN_8.dgf,jdrasil-b150-n1,2
2877,BN_9.dgf,jdrasil-b150-n1,3
2831,bier127.tsp-pp.dgf,jdrasil-b150-n1,1
2745,bier127.tsp.dgf,jdrasil-b150-n1,1
2846,buchnera_primal_graph-pp.dgf,jdrasil-b150-n1,2
4989,celar01-pp.dgf,tcs-b100-n1,1
2814,celar04-pp.dgf,jdrasil-b150-n1,1
2875,ch130.tsp.dgf,jdrasil-b150-n1,1
2881,d198.tsp-pp.dgf,jdrasil-b150-n1,1
2769,d198.tsp.dgf,jdrasil-b150-n1,2
2839,eil101.tsp.dgf,jdrasil-b150-n1,2
2752,games120-pp-002.dgf,jdrasil-b150-n1,4
2866,games120-pp.dgf-004.dgf,jdrasil-b150-n1,4
2890,graph02-pp-001.dgf,jdrasil-b150-n1,1
26784,graph02-pp.dgf,jdrasil-b75-n1,2
2753,graph02-wpp.dgf,jdrasil-b150-n1,1
2853,graph03.dgf,jdrasil-b150-n1,1
2843,graph04-pp-001.dgf,jdrasil-b150-n1,5
2784,graph04-pp.dgf,jdrasil-b150-n1,5
2822,graph04-wpp.dgf,jdrasil-b150-n1,5
2759,graph05.dgf,jdrasil-b150-n1,1
2868,graph06-pp-001.dgf,jdrasil-b150-n1,2
2889,graph06-pp.dgf,jdrasil-b150-n1,2
2833,graph06-wpp.dgf,jdrasil-b150-n1,2
2800,graph06pp.dgf,jdrasil-b150-n1,1
2763,graph07-pp-001.dgf,jdrasil-b150-n1,2
2856,graph07-pp.dgf,jdrasil-b150-n1,2
2760,graph07-wpp.dgf,jdrasil-b150-n1,3
2798,kroA200.tsp-pp.dgf,jdrasil-b150-n1,1
2872,kroB150.tsp-pp.dgf,jdrasil-b150-n1,1
2874,kroB150.tsp.dgf,jdrasil-b150-n1,2
2812,kroB200.tsp-pp.dgf,jdrasil-b150-n1,1
2791,kroC100.tsp.dgf,jdrasil-b150-n1,1
2742,miles1000a.dgf,jdrasil-b150-n1,1
2807,pigs-wpp.dgf,jdrasil-b150-n1,1
2795,pr107.tsp.dgf,jdrasil-b150-n1,1
2863,pr136.tsp.dgf,jdrasil-b150-n1,2
2746,pr144.tsp.dgf,jdrasil-b150-n1,1
2876,rat195.tsp-pp.dgf,jdrasil-b150-n1,1
2821,rat195.tsp.dgf,jdrasil-b150-n1,1
2802,rd100.tsp.dgf,jdrasil-b150-n1,1
9001,BN_30-pp.dgf,tcs-b125-n1,6
2623,BN_30.dgf,jdrasil-b150-n1,4
8981,BN_31.dgf,tcs-b125-n1,4
9015,BN_32-pp.dgf,tcs-b125-n1,7
2681,BN_32.dgf,jdrasil-b150-n1,3
9012,BN_33-pp.dgf,tcs-b125-n1,5
27399,BN_33.dgf,jdrasil-b125-n1,5
2684,BN_34-pp.dgf,jdrasil-b150-n1,2
27419,BN_34.dgf,jdrasil-b125-n1,2
9025,BN_35-pp.dgf,tcs-b125-n1,9
8992,BN_35.dgf,tcs-b125-n1,3
9013,BN_36.dgf,tcs-b125-n1,5
2669,BN_37-pp.dgf,jdrasil-b150-n1,7
2655,BN_37.dgf,jdrasil-b150-n1,9
2639,BN_38-pp.dgf,jdrasil-b150-n1,4
9024,BN_38.dgf,tcs-b125-n1,7
27423,BN_39-pp.dgf,jdrasil-b125-n1,7
2674,BN_39.dgf,jdrasil-b150-n1,1
2635,BN_40-pp.dgf,jdrasil-b150-n1,2
17501,BN_40.dgf,tcs-b150-n1,2
8991,BN_41-pp.dgf,tcs-b125-n1,3
27400,BN_41.dgf,jdrasil-b125-n1,1
4903,BN_71-pp.dgf,tcs-b100-n1,4
2665,BN_71.dgf,jdrasil-b150-n1,4
27409,BN_72-pp.dgf,jdrasil-b125-n1,4
2691,BN_73-pp.dgf,jdrasil-b150-n1,3
2656,BN_76-pp.dgf,jdrasil-b150-n1,2
2692,BN_77.dgf,jdrasil-b150-n1,1
2622,d1291.tsp-pp.dgf,jdrasil-b150-n1,5
3247,d1291.tsp.dgf,jdrasil-b75t1800-n1,4
8974,d1655.tsp-pp.dgf,tcs-b125-n1,1
2631,d1655.tsp.dgf,jdrasil-b150-n1,2
3282,fl1577.tsp.dgf,jdrasil-b75t1800-n1,3
11128,nrw1379.tsp-pp.dgf,htd-b150-n1,2
27450,nrw1379.tsp.dgf,jdrasil-b125-n1,7
8978,pcb1173.tsp-pp.dgf,tcs-b125-n1,4
27441,pcb1173.tsp.dgf,jdrasil-b125-n1,3
2630,pr1002.tsp-pp.dgf,jdrasil-b150-n1,2
4918,pr1002.tsp.dgf,tcs-b100-n1,2
3289,rl1304.tsp-pp.dgf,jdrasil-b75t1800-n1,2
2687,rl1304.tsp.dgf,jdrasil-b150-n1,1
4886,rl1323.tsp.dgf,tcs-b100-n1,1
4904,rl1889.tsp-pp.dgf,tcs-b100-n1,2
4854,rl1889.tsp.dgf,tcs-b100-n1,1
4912,u1060.tsp-pp.dgf,tcs-b100-n1,5
4881,u1432.tsp-pp.dgf,tcs-b100-n1,2
4915,u1432.tsp.dgf,tcs-b100-n1,5
8998,u1817.tsp-pp.dgf,tcs-b125-n1,5
2647,u1817.tsp.dgf,jdrasil-b150-n1,2
2686,vm1084.tsp.dgf,jdrasil-b150-n1,1
3266,vm1748.tsp-pp.dgf,jdrasil-b75t1800-n1,4
3233,vm1748.tsp.dgf,jdrasil-b75t1800-n1,1
4699,BN_46.dgf,tcs-b100-n1,4
3159,BN_53-pp.dgf,jdrasil-b75t1800-n1,8
3076,BN_54-pp.dgf,jdrasil-b75t1800-n1,7
10358,BN_55-pp.dgf,tcs-b75-n1,7
10362,BN_56-pp.dgf,tcs-b75-n1,9
2529,BN_57-pp.dgf,jdrasil-b150-n1,9
4813,BN_58-pp.dgf,tcs-b100-n1,9
3122,BN_60-pp.dgf,jdrasil-b75t1800-n1,1
4780,BN_63-pp.dgf,tcs-b100-n1,2
3140,BN_65-pp.dgf,jdrasil-b75t1800-n1,4
2506,BN_67-pp.dgf,jdrasil-b150-n1,3
2501,BN_68-pp.dgf,jdrasil-b150-n1,3
2503,BN_69-pp.dgf,jdrasil-b150-n1,3
2556,BN_77-pp.dgf,jdrasil-b150-n1,2
2536,buchnera_primal_graph.dimacs,jdrasil-b150-n1,2
2538,celar03.dgf,jdrasil-b150-n1,1
2540,coli_primal_graph-pp.dgf,jdrasil-b150-n1,3
4707,d493.tsp-pp.dgf,tcs-b100-n1,5
2492,d493.tsp.dgf,jdrasil-b150-n1,4
2515,gil262.tsp-pp.dgf,jdrasil-b150-n1,2
2478,gil262.tsp.dgf,jdrasil-b150-n1,2
2489,graph04.dgf,jdrasil-b150-n1,5
3131,graph06.dgf,jdrasil-b75t1800-n1,2
3089,graph07.dgf,jdrasil-b75t1800-n1,2
2546,graph08-pp-001.dgf,jdrasil-b150-n1,7
2600,graph08-pp.dgf,jdrasil-b150-n1,7
2618,graph08-wpp.dgf,jdrasil-b150-n1,3
8940,graph08.dgf,tcs-b125-n1,4
2545,graph09-pp.dgf,jdrasil-b150-n1,1
8867,graph10.dgf,tcs-b125-n1,9
8831,graph11-pp-001.dgf,tcs-b125-n1,4
8924,graph11-pp.dgf,tcs-b125-n1,5
8928,graph11-wpp.dgf,tcs-b125-n1,4
8897,graph11.dgf,tcs-b125-n1,4
8955,graph11pp-pp.dgf,tcs-b125-n1,4
8814,graph11pp.dgf,tcs-b125-n1,3
2484,graph12-pp-001.dgf,jdrasil-b150-n1,7
2569,graph12-pp.dgf,jdrasil-b150-n1,5
2594,graph12-wpp.dgf,jdrasil-b150-n1,5
2524,graph12.dgf,jdrasil-b150-n1,5
2615,graph13-pp-001.dgf,jdrasil-b150-n1,9
2527,graph13-pp.dgf,jdrasil-b150-n1,7
2593,graph13-wpp.dgf,jdrasil-b150-n1,7
2549,graph13.dgf,jdrasil-b150-n1,8
17348,graph13pp.dgf,tcs-b150-n1,10
2604,graph14-pp.dgf,jdrasil-b150-n1,8
2587,graph14-wpp.dgf,jdrasil-b150-n1,8
2617,graph14.dgf,jdrasil-b150-n1,6
2596,kroA200.tsp.dgf,jdrasil-b150-n1,1
2581,kroB200.tsp.dgf,jdrasil-b150-n1,1
2574,pigs.dgf,jdrasil-b150-n1,1
2525,pr226.tsp.dgf,jdrasil-b150-n1,1
2509,pr264.tsp-pp.dgf,jdrasil-b150-n1,1
2533,pr264.tsp.dgf,jdrasil-b150-n1,1
2469,pr299.tsp-pp.dgf-002.dgf,jdrasil-b150-n1,1
2565,pr299.tsp.dgf,jdrasil-b150-n1,1
16932,pr439.tsp-pp.dgf,tcs-b50-n1,2
2609,pr439.tsp.dgf,jdrasil-b150-n1,1
4853,rd400.tsp-pp.dgf,tcs-b100-n1,1
2504,rd400.tsp.dgf,jdrasil-b150-n1,2
2584,tsp225.tsp-pp.dgf,jdrasil-b150-n1,1
4732,tsp225.tsp.dgf,tcs-b100-n1,2
2566,vibrio_primal_graph-pp.dgf,jdrasil-b150-n1,2
2722,BN_17.dgf,jdrasil-b150-n1,2
27490,BN_72.dgf,jdrasil-b125-n1,10
2713,BN_73.dgf,jdrasil-b150-n1,2
27500,BN_76.dgf,jdrasil-b125-n1,10
2723,d2103.tsp-pp.dgf,jdrasil-b150-n1,3
9056,d2103.tsp.dgf,tcs-b125-n1,7
3323,fl3795.tsp.dgf,jdrasil-b75t1800-n1,1
2719,fnl4461.tsp.dgf,jdrasil-b150-n1,2
4962,pr2392.tsp-pp.dgf,tcs-b100-n1,3
4937,u2152.tsp-pp.dgf,tcs-b100-n1,6
9065,u2152.tsp.dgf,tcs-b125-n1,1
2705,u2319.tsp-pp.dgf,jdrasil-b150-n1,1
2725,u2319.tsp.dgf,jdrasil-b150-n1,2
